[{"id":"6f4bd7e0.7b1fb","type":"tab","label":"Flow 1","disabled":false,"info":""},{"id":"2b0bf19c.bfa20e","type":"http request","z":"6f4bd7e0.7b1fb","name":"","method":"POST","ret":"txt","paytoqs":"query","url":"http://localhost:5055","tls":"","persist":false,"proxy":"","authType":"","x":1050,"y":120,"wires":[["805d668a.3cac28"]]},{"id":"c3cc82e3.db77d","type":"inject","z":"6f4bd7e0.7b1fb","name":"","props":[{"p":"payload"},{"p":"topic","vt":"str"}],"repeat":"","crontab":"","once":false,"onceDelay":0.1,"topic":"","payload":"","payloadType":"str","x":610,"y":120,"wires":[["c2b2d1e9.d2d3a"]]},{"id":"805d668a.3cac28","type":"debug","z":"6f4bd7e0.7b1fb","name":"","active":true,"tosidebar":true,"console":false,"tostatus":false,"complete":"false","statusVal":"","statusType":"auto","x":1230,"y":120,"wires":[]},{"id":"c2b2d1e9.d2d3a","type":"function","z":"6f4bd7e0.7b1fb","name":"","func":"/*\nvar speed = msg.data.speed; //we assume kmh\nvar lng = msg.data.speed; //we assume kmh\nvar lat = msg.data.speed; //we assume kmh\nvar ts = msg.data.speed; //we assume kmh\nvar hdop = msg.data.speed; //we assume kmh\nvar altitude = msg.data.speed; //we assume kmh\n*/\n\nmsg.headers = {};\nmsg.headers={ \n    'Content-Type': 'application/x-www-form-urlencoded'\n};\n\nmsg.payload = {};\nmsg.payload={ \n    'id':'123456',     //device_id\n    'lat':'50.79120',  //lat\n    'lon': '6.04245', //lng\n    'timestamp':'3', //Unix time Z time\n    'hdop':'20',\n    'altitude':'4',  //no unit\n    'speed':'55', //kn\n    'accuracy':'800' //meter\n};\n\nreturn msg","outputs":1,"noerr":0,"initialize":"","finalize":"","libs":[],"x":880,"y":120,"wires":[["2b0bf19c.bfa20e"]]}]